{
  "best_global_step": 50,
  "best_metric": 0.028908260917264065,
  "best_model_checkpoint": "results/match/CodeLlama_20250617_1856/fn_model/checkpoint-50",
  "epoch": 0.2,
  "eval_steps": 25,
  "global_step": 50,
  "is_hyper_param_search": false,
  "is_local_process_zero": true,
  "is_world_process_zero": true,
  "log_history": [
    {
      "epoch": 0.1,
      "grad_norm": 1.972348690032959,
      "learning_rate": 0.0001997158900260614,
      "loss": 0.9216,
      "step": 25
    },
    {
      "epoch": 0.1,
      "eval_avg_crystalbleu": 0.9709285826763774,
      "eval_avg_dreamsim": 0.03635305952904793,
      "eval_avg_f1": 0.6909364252879138,
      "eval_avg_norm_levenshtein_dist": 0.981904967677724,
      "eval_avg_precision": 0.7061051759927306,
      "eval_avg_recall": 0.6792285666307485,
      "eval_avg_ssim": 0.9987712160072405,
      "eval_comp_loss": 0.03483556679594925,
      "eval_exact_image_match": 118,
      "eval_exact_prog_match": 86,
      "eval_loss": 0.06767242401838303,
      "eval_prompt_loss": 0.06802825332645102,
      "eval_runtime": 5516.9421,
      "eval_samples_per_second": 0.181,
      "eval_std_norm_levenshtein_dist": 0.012953893508266097,
      "eval_steps_per_second": 0.023,
      "step": 25
    },
    {
      "epoch": 0.2,
      "grad_norm": 0.4557362198829651,
      "learning_rate": 0.00019881749191102808,
      "loss": 0.2761,
      "step": 50
    },
    {
      "epoch": 0.2,
      "eval_avg_crystalbleu": 0.9769007739537974,
      "eval_avg_dreamsim": 0.04692784259732463,
      "eval_avg_f1": 0.6449195631378948,
      "eval_avg_norm_levenshtein_dist": 0.9873004492609243,
      "eval_avg_precision": 0.6537226306863808,
      "eval_avg_recall": 0.6371165198430047,
      "eval_avg_ssim": 0.9985596840496244,
      "eval_comp_loss": 0.028908260917264065,
      "eval_exact_image_match": 154,
      "eval_exact_prog_match": 95,
      "eval_loss": 0.057221345603466034,
      "eval_prompt_loss": 0.058113949081008864,
      "eval_runtime": 6370.4123,
      "eval_samples_per_second": 0.157,
      "eval_std_norm_levenshtein_dist": 0.010368000233508853,
      "eval_steps_per_second": 0.02,
      "step": 50
    }
  ],
  "logging_steps": 25,
  "max_steps": 250,
  "num_input_tokens_seen": 0,
  "num_train_epochs": 1,
  "save_steps": 25,
  "stateful_callbacks": {
    "TrainerControl": {
      "args": {
        "should_epoch_stop": false,
        "should_evaluate": false,
        "should_log": false,
        "should_save": true,
        "should_training_stop": false
      },
      "attributes": {}
    }
  },
  "total_flos": 2.141991960576e+16,
  "train_batch_size": 8,
  "trial_name": null,
  "trial_params": null
}
